{"bleu_mean": 0.08736049004444878, "rouge_mean": 0.08927455126823702, "meteor_mean": 0.10434203107503036, "bert_mean": 0.8266845047164434, "radgraph_mean": 0.002617194590596254, "bleu_std": 0.04582975690848945, "rouge_std": 0.04807572367171518, "meteor_std": 0.0398844383333937, "bert_std": 0.012174934258507651, "radgraph_std": 0.01377921531590646}