{"bleu_mean": 0.00016193578032191113, "rouge_mean": 0.0003925696299166279, "meteor_mean": 0.00013171938033481874, "bert_mean": 0.7071544957133129, "radgraph_mean": 0.0, "bleu_std": 0.002113835397002092, "rouge_std": 0.005284073950372589, "meteor_std": 0.0014504692640366123, "bert_std": 0.010329727988010944, "radgraph_std": 0.0}