{"bleu_mean": 0.23340009875993842, "rouge_mean": 0.30959911563745474, "meteor_mean": 0.2459655657094164, "bert_mean": 0.8774676078057789, "radgraph_mean": 0.14375858269051267, "bleu_std": 0.1973444237193338, "rouge_std": 0.19293002798819311, "meteor_std": 0.20002302385702111, "bert_std": 0.031000162503448954, "radgraph_std": 0.18803852712107808}