{"bleu_mean": 0.2596474688179676, "rouge_mean": 0.3413398517124729, "meteor_mean": 0.27681430372466853, "bert_mean": 0.8839750895004984, "radgraph_mean": 0.17619626406159256, "bleu_std": 0.2036662365515155, "rouge_std": 0.19960986761587018, "meteor_std": 0.20880980452926556, "bert_std": 0.03241584486771405, "radgraph_std": 0.20618290151369104}