{"bleu_mean": 0.00381765834801912, "rouge_mean": 0.000611816262841643, "meteor_mean": 0.00686500996539716, "bert_mean": 0.7238201636075974, "bleu_std": 0.006184675179854117, "rouge_std": 0.003082706791068986, "meteor_std": 0.009768642383948896, "bert_std": 0.008514626183466769}