{"bleu_mean": 0.11790664612631965, "rouge_mean": 0.16224718442051522, "meteor_mean": 0.12917201312348703, "bert_mean": 0.8401607581928595, "radgraph_mean": 0.0495875092650418, "bleu_std": 0.0996465322620389, "rouge_std": 0.10065966828215407, "meteor_std": 0.0922908314969752, "bert_std": 0.023118662032660255, "radgraph_std": 0.09084709072751161}