{"bleu_mean": 0.1244592797937943, "rouge_mean": 0.16895067566280328, "meteor_mean": 0.13464415070683644, "bert_mean": 0.8388865900970561, "radgraph_mean": 0.05711819260548513, "bleu_std": 0.1020748036102685, "rouge_std": 0.10682454574140031, "meteor_std": 0.09811561075378614, "bert_std": 0.02429255554259332, "radgraph_std": 0.09631963167904026}