{"bleu_mean": 0.14213204760086556, "rouge_mean": 0.14398486651323805, "meteor_mean": 0.12596511412047626, "bert_mean": 0.8360250844405248, "bleu_std": 0.07521222426826855, "rouge_std": 0.06481252668465366, "meteor_std": 0.05370195012595145, "bert_std": 0.012319703031731763}