{"bleu_mean": 0.2244874902493747, "rouge_mean": 0.3083518604713999, "meteor_mean": 0.2422383415962217, "bert_mean": 0.8778563887622226, "radgraph_mean": 0.1543774454971726, "bleu_std": 0.19896297347569886, "rouge_std": 0.19170163993569955, "meteor_std": 0.1985675346911187, "bert_std": 0.030744753724304245, "radgraph_std": 0.19815686858834863}