{"bleu_mean": 0.08290750379588993, "rouge_mean": 0.08051193738929578, "meteor_mean": 0.06563818762986082, "bert_mean": 0.8355743383500415, "radgraph_mean": 0.003900657908937944, "bleu_std": 0.06708683861894332, "rouge_std": 0.06402127782484403, "meteor_std": 0.04337238173433936, "bert_std": 0.01651976371429175, "radgraph_std": 0.016188493551099428}